[
  {
    "bid_number": "BD-18-1894-SVRV0-SVRV0-118635",
    "description": "Invitation to Quote",
    "bid_opening_date": "07/14/2025",
    "purchaser": "Julia Fentross",
    "organization": "Shawsheen Valley",
    "department": "SVRV01 - Shawsheen Valley",
    "location": "SVRV0 - Shawsheen",
    "fiscal_year": "18",
    "contact_email": "julia.fentross@shawtech.org",
    "contact_phone": "(617) 349-4320",
    "info_contact": "Julia Fentross -",
    "pre_bid_conference": "Bulletin Desc:",
    "bulletin_desc": "Ship-to Address:",
    "file_name": "BD-18-1894-SVRV0-SVRV0-118635.txt",
    "summary_description": "The Shawsheen Valley Regional Vocational Technical School District seeks to contract with a\nqualified School Business Management Service to support the districts administrative and\nfinancial operations. The selected vendor will provide professional expertise in school business\nadministration, including but not limited to budget development and monitoring, financial\nforecasting, procurement oversight, grant and end-of-year reporting, and overall Business Office\nsupport. The vendor must work in close coordination with district leadership to ensure\ncompliance with all applicable local, state, and federal laws. All services provided under this\ncontract must comply with Massachusetts General Laws Chapter 30B, which governs the\nprocurement of supplies and services by local governmental bodies. The awarded contractor will\nbe expected to uphold high standards of integrity, transparency, and accountability while\ndelivering fiscally responsible and efficient support services to the district.\nU N S P S C Code:\n84-11-00\n\u00a0\u00a0 Accounting and bookkeeping services\nQty\nUnit Cost\nUOM\nTotal Discount Amt.\nTotal Cost\n1.0\n\u00a0\nEA - Each\n\u00a0\n\u00a0\nManufacturer:\nBrand:\nModel:\nMake:\nPackaging:\n\u00a0\nExit\nCopyright \u00a9 2025 Periscope Holdings, Inc. - All Rights Reserved.\nMASS_MASS_AWS_PROD_BUYSPEED_2_bso"
  },
  {
    "bid_number": "BD-19-1212-MWRA-DITP-",
    "description": "MWRA Contract No. 6543A",
    "bid_opening_date": "07/18/2025",
    "purchaser": "Barbie Aylward",
    "organization": "Massachusetts Water",
    "department": "MWRA - Massachusetts",
    "location": "DITP - Deer Island",
    "fiscal_year": "19",
    "contact_email": "David.ruliera@mwa,.com",
    "contact_phone": "(617) 654-4310",
    "info_contact": "David.ruliera@mwa,.com",
    "pre_bid_conference": "Bulletin Desc:",
    "bulletin_desc": "Ship-to Address:",
    "file_name": "BD-19-1212-MWRA-DITP-118639.txt",
    "summary_description": "The work includes the following: To procure the supply, handling and delivery of water main\nmaterials in Waltham's Felton Street to support construction contract 6543 WASM 3.\nBid Solicitation: BD-19-1212-MWRA-DITP-118639\nU N S P S C Code:\n72-13-00\n\u00a0\u00a0 General building construction\nQty\nUnit Cost\nUOM\nTotal Discount Amt.\nTotal Cost\n1.0\n\u00a0\nEA - Each\n\u00a0\n\u00a0\nManufacturer:\nBrand:\nModel:\nMake:\nPackaging:\n\u00a0\nExit\nCopyright \u00a9 2025 Periscope Holdings, Inc. - All Rights Reserved.\nMASS_MASS_AWS_PROD_BUYSPEED_2_bso"
  },
  {
    "bid_number": "BD-24-1607-CONST-",
    "description": "Chesterbrook Cast Iron",
    "bid_opening_date": "08/01/2025",
    "purchaser": "Sharif Omer",
    "organization": "Waltham Housing",
    "department": "CONST - Construction",
    "location": "CONST - Construction",
    "fiscal_year": "24",
    "contact_email": "markj@walhouse.org",
    "contact_phone": "(781) 894-3357",
    "info_contact": "Bid Type:",
    "pre_bid_conference": "Can schedule tour of a vacant unit with Housing Authority",
    "bulletin_desc": "Section 00 11 13 ADVERTISEMENT TO BID MGL c.149 $10K to $50K The WALTHAM HOUSING",
    "file_name": "BD-24-1607-CONST-CONST-118703.txt",
    "summary_description": "Section 00 11 13 ADVERTISEMENT TO BID MGL c.149 $10K to $50K The WALTHAM HOUSING\nAUTHORITY, the Awarding Authority, invites sealed bids from Contractors for installation of\nPlumbing vent piping Friction Clamps on cast iron Plumbing vent pipes at joint between PVC vent\npipe to Cast iron pipe in the attic at State Aided Development: Chesterbrook Gardens (200-2) in\nWaltham, Massachusetts, in accordance with the Instructions of Product Manufacturer. The\nProject consists of but not limited to: Installation of 50 approximately 4.5 Inch diameter or\nequivalent support Friction clamps at the transition from PVC to Cast Iron venting pipe. This is to\neliminate or reduce the weight of cast pipe cracking PVC below and TYs connections farther down.\nThe transition area is located inside the attic above one unit in the back-to-back 2nd floor\nbathrooms. Access is gained by a attic scuttle door and a portable ladder is required. The majority\nof Cast vent pipes can be supported using a riser clamp and some others will need minor bracing\nwith 2x4's while others might need Unistruts brackets. The work is estimated to cost $ 20,000.\nBids are subject to M.G.L. c.149 44A-J & to minimum wage rates as required by M.G.L. c.149 26 to\n27H inclusive. General Bids will be received until August 1, 2025 at 10:00 AM EDT and publicly\nopened online, forthwith. Bids shall be submitted on the form furnished and in a sealed envelope\nmarked on the outside with the bid title and bidder's name. Sealed Bids shall be sent to the:\nWaltham Housing Authority, 110 Pond Street, Waltham, MA 02451 and received no later than the\ndate & time specified above. General bids and sub-bids shall be accompanied by a bid deposit\nthat is not less than five (5 percent) of the greatest possible bid amount (including all alternates)\nand made payable to the WALTHAM HOUSING AUTHORITY. Note: A bid deposit is not required for\nProjects advertised under $50,000. Bid Forms and Contract Documents will be available for review\nat biddocsonline.com (may be viewed and downloaded electronically at no cost). Please READ all\ndocuments thoroughly including the Project Manual for requirements including Performance and\nPayment Bonds requirements that should be included in Bidders estimate. General bidders must\nagree to contract with minority and women business enterprises as certified by the Supplier\nDiversity Office (SDO). The combined participation benchmark reserved for such enterprises shall\nnot be less than 13 percent of the final contract price including accepted alternates. Request for\nwaivers must be sent to EOHLC (Chad.Howard@mass.gov) 5 calendar days prior to the General\nBid date. NO WAIVERS WILL BE GRANTED AFTER THE GENERAL BIDS ARE OPENED. The Contractor\nand all subcontractors (collectively referred to as the Contractor) agree to strive to achieve\nminority and women workforce participation. The Workforce Participation benchmark is set at 6.9\npercent for women and 15.3percent for minorities. The Workforce benchmark percentages are a\nstatutory requirement under MGL c. 149 44A(2)(G).\nU N S P S C Code:\n72-13-00\n\u00a0\u00a0 General building construction\nQty\nUnit Cost\nUOM\nTotal Discount Amt.\nTotal Cost\n1.0\n\u00a0\nEA - Each\n\u00a0\n\u00a0\nManufacturer:\nBrand:\nModel:\nMake:\nPackaging:\n\u00a0\nExit\nCopyright \u00a9 2025 Periscope Holdings, Inc. - All Rights Reserved.\nMASS_MASS_AWS_PROD_BUYSPEED_2_bso"
  },
  {
    "bid_number": "BD-24-1806-MED05-MED05-",
    "description": "DPW Salt Shed Painting",
    "bid_opening_date": "07/30/2025",
    "purchaser": "Benjamin Jachowicz",
    "organization": "Town of Medfield,",
    "department": "MED05 - Facilities",
    "location": "MED05 - Facilities",
    "fiscal_year": "24",
    "contact_email": "bjachowicz@medfield.net",
    "contact_phone": "(508) 359-8505",
    "info_contact": "bjachowicz@medfield.net",
    "pre_bid_conference": "A Mandatory pre-bid conference will be held on Wednesday July 23rd at 10:00 AM.",
    "bulletin_desc": "The Town of Medfield is soliciting bids for painting of the salt storage shed located at the Department",
    "file_name": "BD-24-1806-MED05-MED05-118615.txt",
    "summary_description": "The Town of Medfield is soliciting bids for painting of the salt storage shed located at the\nDepartment of Public Works. See scope of work for full details. To request a copy of the scope,\nsend an email to bjachowicz@medfield.net\nU N S P S C Code:\n72-15-13\n\u00a0\u00a0 Painting and paper hanging services\nQty\nUnit Cost\nUOM\nTotal Discount Amt.\nTotal Cost\n1.0\n\u00a0\nEA - Each\n\u00a0\n\u00a0\nManufacturer:\nBrand:\nModel:\nMake:\nPackaging:\n\u00a0\nExit\nCopyright \u00a9 2025 Periscope Holdings, Inc. - All Rights Reserved.\nMASS_MASS_AWS_PROD_BUYSPEED_2_bso"
  },
  {
    "bid_number": "BD-25-1144-CAMBR-CAMBR-",
    "description": "Raymond Park Renovation: File:",
    "bid_opening_date": "07/31/2025",
    "purchaser": "Natalie Sullivan",
    "organization": "City of Cambridge",
    "department": "CAMBR - City of Cambridge",
    "location": "CAMBR - City of Cambridge",
    "fiscal_year": "25",
    "contact_email": "nsullivan@cambridgema.gov",
    "contact_phone": "(617) 349-4310",
    "info_contact": "Bid Type:",
    "pre_bid_conference": "Bulletin Desc:",
    "bulletin_desc": "Raymond Park Renovation: File: COC-CIFB-FY26-30409, available on the Citys e-Procurement Portal",
    "file_name": "BD-25-1144-CAMBR-CAMBR-118731.txt",
    "summary_description": "Raymond Park Renovation: File: COC-CIFB-FY26-30409, available on the Citys e-Procurement\nPortal located at https://procurement.opengov.com/portal/cambridgema\nU N S P S C Code:\n72-14-00\n\u00a0\u00a0 Heavy construction services\nQty\nUnit Cost\nUOM\nTotal Discount Amt.\nTotal Cost\n1.0\n\u00a0\nEA - Each\n\u00a0\n\u00a0\nManufacturer:\nBrand:\nModel:\nMake:\nPackaging:\n\u00a0\nExit\nCopyright \u00a9 2025 Periscope Holdings, Inc. - All Rights Reserved.\nMASS_MASS_AWS_PROD_BUYSPEED_2_bso"
  },
  {
    "bid_number": "BD-25-1150-CH015-",
    "description": "IFB 2025-46W REBID",
    "bid_opening_date": "07/31/2025",
    "purchaser": "Jaime Morrow",
    "organization": "City of Holyoke",
    "department": "CH015 - Purchasing Location:",
    "location": "CH015 - Purchasing",
    "fiscal_year": "25",
    "contact_email": "Colond@holyoke.org",
    "contact_phone": "(413) 322-5650",
    "info_contact": "Bid Type:",
    "pre_bid_conference": "A non-mandatory Pre-Bid briefing will occur on July 17, 2025 at 10:00 AM EST at the Wistariahurst Museum, 238",
    "bulletin_desc": "The work consists of the rehabilitation of a section of historically significant masonry retaining wall on",
    "file_name": "BD-25-1150-CH015-CH015-118651.txt",
    "summary_description": "The Wistariahurst Retaining Wall Rehabilitation Project consists of the rehabilitation of a section of\nhistorically significant masonry retaining wall on Pine Street. The project consists of\nreconstruction of the existing historical masonry wall, removal and reinstallation of wrought iron\nfence and coping, earthen excavation to subgrade, construction of a steel-reinforced cement\nconcrete strip footing, installation of perforated pipe subdrain, and restoration of adjacent areas.\nThe project is anticipated to include 442 linear feet of continuous wall rehabilitation from the\nintersection of Pine Street and Hampshire Street, northward along Pine Street.\nU N S P S C Code:\n72-15-19\n\u00a0\u00a0 Masonry and stonework services\nQty\nUnit Cost\nUOM\nTotal Discount Amt.\nTotal Cost\n1.0\n\u00a0\nEA - Each\n\u00a0\n\u00a0\nManufacturer:\nBrand:\nModel:\nMake:\nPackaging:\n\u00a0\nExit\nCopyright \u00a9 2025 Periscope Holdings, Inc. - All Rights Reserved.\nMASS_MASS_AWS_PROD_BUYSPEED_2_bso"
  },
  {
    "bid_number": "BD-25-1160-02-02-118613",
    "description": "IFB_ Terrace Lane Utility &",
    "bid_opening_date": "07/23/2025",
    "purchaser": "William Coffey",
    "organization": "City of Northampton",
    "department": "02 - Chief Procurement Officer",
    "location": "02 - City of Northampton",
    "fiscal_year": "25",
    "contact_email": "wcoffey@northamptonma.gov",
    "contact_phone": "(413) 587-1570",
    "info_contact": "Bid Type:",
    "pre_bid_conference": "None.",
    "bulletin_desc": "Sealed bids for 2025 TERRACE LANE UTILITY & PAVEMENT IMPROVEMENTS will be received by the",
    "file_name": "BD-25-1160-02-02-118613.txt",
    "summary_description": "Sealed bids for 2025 TERRACE LANE UTILITY & PAVEMENT IMPROVEMENTS will be received by the\nNorthampton Department of Public Works at 125 Locust Street, Northampton MA until 2:00 PM\non 7/23/2025 when they will be publicly opened. Documents available starting 7/9/2025 via email\nto Bis Lotter at DPWInfo@northamptonma.gov. The City of Northampton reserves the right to\nreject any and all bids.\nU N S P S C Code:\n72-14-11\n\u00a0\u00a0 Infrastructure building and surfacing and paving services\nQty\nUnit Cost\nUOM\nTotal Discount Amt.\nTotal Cost\n1.0\n\u00a0\nEA - Each\n\u00a0\n\u00a0\nManufacturer:\nBrand:\nModel:\nMake:\nPackaging:\n\u00a0\nExit\nCopyright \u00a9 2025 Periscope Holdings, Inc. - All Rights Reserved.\nMASS_MASS_AWS_PROD_BUYSPEED_2_bso"
  },
  {
    "bid_number": "BD-25-1278-DPW15-DPW1-",
    "description": "Salt Shed Project",
    "bid_opening_date": "07/23/2025",
    "purchaser": "Kurt Kelley",
    "organization": "Town of Hanover",
    "department": "DPW15 - Public Works",
    "location": "DPW1 - DPW Office",
    "fiscal_year": "25",
    "contact_email": "vdiniak@hanoverdpw.org",
    "contact_phone": "(781) 826-3189",
    "info_contact": "Kurt Kelley -",
    "pre_bid_conference": "A pre-bid briefing/walk through will be held on site on July 15, 2025 at 10 am",
    "bulletin_desc": "The Town of Hanover was recently donated a membrane covered steel structure located on private",
    "file_name": "BD-25-1278-DPW15-DPW1-118638.txt",
    "summary_description": "Site Work\nU N S P S C Code:\n72-14-00\n\u00a0\u00a0 Heavy construction services\nQty\nUnit Cost\nUOM\nTotal Discount Amt.\nTotal Cost\n1.0\n\u00a0\nEA - Each\n\u00a0\n\u00a0\nManufacturer:\nBrand:\nModel:\nMake:\nPackaging:\n\u00a0\nExit\nCopyright \u00a9 2025 Periscope Holdings, Inc. - All Rights Reserved.\nMASS_MASS_AWS_PROD_BUYSPEED_2_bso"
  },
  {
    "bid_number": "BD-25-1558-TMS01-",
    "description": "Union Cemetery Grave",
    "bid_opening_date": "08/13/2025",
    "purchaser": "Shanna Nealy",
    "organization": "Town of Chatham",
    "department": "TMS01 - Town Manager",
    "location": "TMS01 - Town Hall",
    "fiscal_year": "25",
    "contact_email": "snealy@chatham-",
    "info_contact": "Bid Type:",
    "pre_bid_conference": "Bulletin Desc:",
    "bulletin_desc": "The Town of Chatham is seeking a qualified contractor to repair, stabilize, clean and perform related",
    "file_name": "BD-25-1558-TMS01-TMS01-118711.txt",
    "summary_description": "The Town of Chatham is seeking a qualified contractor to repair, stabilize, clean and perform\nrelated site work on 127 gravestones in Union Cemetery.\nBid Solicitation: BD-25-1558-TMS01-TMS01-118711\nU N S P S C Code:\n72-10-25\n\u00a0\u00a0 Masonry and stonework and tile setting\nQty\nUnit Cost\nUOM\nTotal Discount Amt.\nTotal Cost\n1.0\n\u00a0\nEA - Each\n\u00a0\n\u00a0\nManufacturer:\nBrand:\nModel:\nMake:\nPackaging:\n\u00a0\nExit\nCopyright \u00a9 2025 Periscope Holdings, Inc. - All Rights Reserved.\nMASS_MASS_AWS_PROD_BUYSPEED_2_bso"
  },
  {
    "bid_number": "BD-26-1022-DMH08-8210C-",
    "description": "OBHPP to Issue A New",
    "bid_opening_date": "09/04/2035",
    "purchaser": "KELSEY SANTOS",
    "organization": "Department of Mental",
    "department": "DMH08 - STATEWIDE",
    "location": "8210C - STATEWIDE NON",
    "fiscal_year": "26",
    "contact_email": "elizabeth.welch@mass.gov",
    "contact_phone": "(508) 454-0466",
    "info_contact": "Funmi Aguocha DMH-",
    "pre_bid_conference": "Bulletin Desc:",
    "bulletin_desc": "Notice of Intent to Issue A New Grant Opportunity. OBHPP intends to launch a new grant opportunity",
    "file_name": "BD-26-1022-DMH08-8210C-118664.txt",
    "summary_description": "OBHPP intends to launch a new grant opportunity this fall for community-based organizations\nacross the Commonwealth to develop, implement, and evaluate programs that focus on one or\ntwo of OBHPPs identified key social impact objectives. OBHPP intends to issue a Request For\nApplication at that time to solicit grant proposals.\nU N S P S C Code:\n93-14-00\n\u00a0\u00a0 Community and social services\nQty\nUnit Cost\nUOM\nTotal Discount Amt.\nTotal Cost\n1.0\n\u00a0\nEA - Each\n\u00a0\n\u00a0\nManufacturer:\nBrand:\nModel:\nMake:\nPackaging:\n\u00a0\nExit\nCopyright \u00a9 2025 Periscope Holdings, Inc. - All Rights Reserved.\nMASS_MASS_AWS_PROD_BUYSPEED_2_bso"
  },
  {
    "bid_number": "BD-26-1045-BAW00-BAW01-",
    "description": "DEP-BAW-NOIA-2026-BEST",
    "bid_opening_date": "07/24/2025",
    "purchaser": "Casey McLaughlin",
    "organization": "Department of Environmental",
    "department": "BAW00 - Bureau of Air and",
    "location": "BAW01 - Bureau of Air and",
    "fiscal_year": "26",
    "contact_email": "Carlos.Marquez2@mass.gov",
    "contact_phone": "(617) 292-5500",
    "info_contact": "Hank Webster",
    "pre_bid_conference": "Bulletin Desc:",
    "bulletin_desc": "**ANNOUNCEMENT ONLY** Massachusetts Department of Environmental Protection (MassDEP) is",
    "file_name": "BD-26-1045-BAW00-BAW01-118676.txt",
    "summary_description": "**ANNOUNCEMENT ONLY** Massachusetts Department of Environmental Protection (MassDEP) is\npublishing this notice of its intent to make a Best Value Grant Award in the amount of $5,000,000 to\nthe Massachusetts Clean Energy Center , to continue the implementation and execution of the\nMassachusetts Climate Career Fund Initiative, in coordination with the Executive Office of Energy and\nEnvironmental Affairs .\nU N S P S C Code:\n00-00-00\n\u00a0\u00a0 Grant Opportunity\nQty\nUnit Cost\nUOM\nTotal Discount Amt.\nTotal Cost\n1.0\n\u00a0\nSUM - Sum\n\u00a0\n\u00a0\nManufacturer:\nBrand:\nModel:\nMake:\nPackaging:\n\u00a0\nExit\nCopyright \u00a9 2025 Periscope Holdings, Inc. - All Rights Reserved.\nMASS_MASS_AWS_PROD_BUYSPEED_2_bso"
  },
  {
    "bid_number": "BD-26-1045-BAW00-BAW01-",
    "description": "DEP-BAW-NOIA-2026-BEST",
    "bid_opening_date": "07/24/2025",
    "purchaser": "Casey McLaughlin",
    "organization": "Department of Environmental",
    "department": "BAW00 - Bureau of Air and",
    "location": "BAW01 - Bureau of Air and",
    "fiscal_year": "26",
    "contact_email": "Carlos.Marquez2@mass.gov",
    "contact_phone": "(617) 292-5500",
    "info_contact": "Hank Webster",
    "pre_bid_conference": "Bulletin Desc:",
    "bulletin_desc": "**ANNOUNCEMENT ONLY** Massachusetts Department of Environmental Protection (MassDEP) is",
    "file_name": "BD-26-1045-BAW00-BAW01-118678.txt",
    "summary_description": "**ANNOUNCEMENT ONLY** Massachusetts Department of Environmental Protection (MassDEP) is\npublishing this notice of its intent to make a Best Value Grant Award in the amount of $16,000,000 to\nthe Massachusetts Clean Energy Center, to continue the implementation and execution of the Climate\nCritical Training, Equipment, and Infrastructure Program, in coordination with the Executive Office of\nEnergy and Environmental Affairs.\nU N S P S C Code:\n00-00-00\n\u00a0\u00a0 Grant Opportunity\nQty\nUnit Cost\nUOM\nTotal Discount Amt.\nTotal Cost\n1.0\n\u00a0\nSUM - Sum\n\u00a0\n\u00a0\nManufacturer:\nBrand:\nModel:\nMake:\nPackaging:\n\u00a0\nExit\nCopyright \u00a9 2025 Periscope Holdings, Inc. - All Rights Reserved.\nMASS_MASS_AWS_PROD_BUYSPEED_2_bso"
  },
  {
    "bid_number": "BD-26-1080-OSD03-SRC3-",
    "description": "Notice of Intent - PRF76",
    "bid_opening_date": "10/02/2025",
    "purchaser": "Gerard Dawson",
    "organization": "Operational Services Division",
    "department": "OSD03 - OSD - Category",
    "location": "OSD03 - OSD Category",
    "fiscal_year": "26",
    "contact_phone": "(617) 720-3300",
    "info_contact": "Bid Type:",
    "pre_bid_conference": "Bulletin Desc:",
    "bulletin_desc": "This is a World Trade Organization (WTO) announcement only! Please do NOT contact the Issuer with",
    "file_name": "BD-26-1080-OSD03-SRC3-118659.txt",
    "summary_description": "Category 1 - Education Services\nU N S P S C Code:\n86-13-00\n\u00a0\u00a0 Specialized educational services\n\u00a0 86-13-00-00\n\u00a0 \u00a0\u00a0Specialized educational services\n\u00a0\n86-13-00-00-0000\n\u00a0\n\u00a0\u00a0Specialized educational services\nQty\nUnit Cost\nUOM\nTotal Discount Amt.\nTotal Cost\n1.0\n\u00a0\n\u00a0\n\u00a0\nManufacturer:\nBrand:\nModel:\nMake:\nPackaging:"
  },
  {
    "bid_number": "BD-26-1158-NBPT3-NBPT3-118750",
    "description": "RFP No. 26-01: Water Meters &",
    "bid_opening_date": "09/04/2025",
    "purchaser": "Tom Watkins",
    "organization": "City of Newburyport",
    "department": "NBPT3 - Dept of Public Services",
    "location": "NBPT3 - Water/Sewer Business",
    "fiscal_year": "26",
    "contact_email": "twatkins@cityofnewburyport.com",
    "contact_phone": "(978) 465-4412",
    "info_contact": "Tom Watkins, Business Manager,",
    "pre_bid_conference": "Bulletin Desc:",
    "bulletin_desc": "RFP for Water Meters & Advanced Water Metering Infrastructure (AMI) System for all residential and",
    "file_name": "BD-26-1158-NBPT3-NBPT3-118750.txt",
    "summary_description": "RFP for Water Meters & Advanced Water Metering Infrastructure (AMI) System for all residential and\ncommercial accounts throughout the City of Newburyport\nU N S P S C Code:\n47-10-15\n\u00a0\u00a0 Water treatment and supply equipment\nQty\nUnit Cost\nUOM\nTotal Discount Amt.\nTotal Cost\n1.0\n\u00a0\nEA - Each\n\u00a0\n\u00a0\nManufacturer:\nBrand:\nModel:\nMake:\nPackaging:\n\u00a0\nExit\nCopyright \u00a9 2025 Periscope Holdings, Inc. - All Rights Reserved.\nMASS_MASS_AWS_PROD_BUYSPEED_2_bso"
  },
  {
    "bid_number": "BD-26-1355-TYARM-YADPW-",
    "description": "Constructing drainage",
    "bid_opening_date": "07/23/2025",
    "purchaser": "Laura Hayden",
    "organization": "Town of Yarmouth",
    "department": "TYARM - DEPARTMENT OF",
    "location": "YADPW - Public Works",
    "fiscal_year": "26",
    "contact_email": "lhayden@yarmouth.ma.us",
    "contact_phone": "(508) 398-2231",
    "info_contact": "Laura Hayden",
    "pre_bid_conference": "Bulletin Desc:",
    "bulletin_desc": "Constructing drainage improvements on Great Western Rd & Curve Hill Rd. Project must be",
    "file_name": "BD-26-1355-TYARM-YADPW-118645.txt",
    "summary_description": "Constructing drainage improvements on Great Western Rd & Curve Hill Rd. Project must\nbe completed by October 17, 2025 due to this being grant funded. Bid documents are on\nthe Town of Yarmouth website at https://www.yarmouth.ma.us/bids.aspx?bidID=430\nU N S P S C Code:\n72-14-12\n\u00a0\u00a0 Marine construction services\n\u00a0 72-14-12-05\n\u00a0 \u00a0\u00a0Drainage system construction service\n\u00a0\n72-14-12-05-0000\n\u00a0\n\u00a0\u00a0Drainage system construction service\nQty\nUnit Cost\nUOM\nTotal Discount Amt.\nTotal Cost\n1.0\n\u00a0\n\u00a0\n\u00a0\nManufacturer:\nBrand:\nModel:\nMake:\nPackaging:\n\u00a0\nExit\nCopyright \u00a9 2025 Periscope Holdings, Inc. - All Rights Reserved.\nMASS_MASS_AWS_PROD_BUYSPEED_2_bso"
  },
  {
    "bid_number": "BD-26-1531-SWSPD-SWSPD-118666",
    "description": "IFB NO. 25-44 Little River Watershed",
    "bid_opening_date": "08/05/2025",
    "purchaser": "Edward Sweeney",
    "organization": "Springfield Water and Sewer",
    "department": "SWSPD1 - Procurement Department",
    "location": "SWSPD - Procurement Department",
    "fiscal_year": "26",
    "contact_email": "edward.sweeney@waterandsewer.org",
    "contact_phone": "(413) 452-1300",
    "info_contact": "Ted Sweeney,",
    "pre_bid_conference": "July 17, 2025 10:00 AM EDT at 106 Borden Brook Road, Granville, MA 01034 will include a short presentation from the project management",
    "bulletin_desc": "Daylighting approximately 15 LF of 18 inch CMP culvert, tree removal, grading, stream and wetland restoration, construction",
    "file_name": "BD-26-1531-SWSPD-SWSPD-118666.txt",
    "summary_description": "Little River Watershed Culvert PCR02 Daylighting and Restoration Project: The Work under this Contract includes,\nbut is not necessarily limited to daylighting approximately 15 LF of 18 inch CMP culvert, tree removal, grading,\nstream and wetland restoration, construction of drainage swales within an existing logging road, water diversion\nbars, stream bypass and dewatering operations, and all necessary appurtenances and incidents to complete the\nwork.\nBid Solicitation: BD-26-1531-SWSPD-SWSPD-118666\nU N S P S C Code:\n72-14-11\n\u00a0\u00a0 Infrastructure building and surfacing and paving services\n\u00a0 72-14-11-19\n\u00a0 \u00a0\u00a0Aqueduct construction service\n\u00a0\n72-14-11-19-0000\n\u00a0\n\u00a0\u00a0Aqueduct construction service\nQty\nUnit Cost\nUOM\nTotal Discount Amt.\nTotal Cost\n1.0\n\u00a0\n\u00a0\n\u00a0\nManufacturer:\nBrand:\nModel:\nMake:\nPackaging:\n\u00a0\nShip-to Address:\nTheo Theocles\n250 Main Street Extension\nAgawam, MA 01001\nEmail: Theo.Theocles@waterandsewer.org\nPhone: (413) 452-1326\nBill-to Address:\nTheo Theocles\n250 Main Street Extension\nAgawam, MA 01001\nEmail: Theo.Theocles@waterandsewer.org\nPhone: (413) 452-1326\n\u00a0\nExit\nCopyright \u00a9 2025 Periscope Holdings, Inc. - All Rights Reserved.\nMASS_MASS_AWS_PROD_BUYSPEED_2_bso"
  },
  {
    "bid_number": "BD-26-1795-MHA03-MHA03-",
    "description": "Perform all routine and urgent",
    "bid_opening_date": "08/13/2025",
    "purchaser": "Anne-Marie Moglia",
    "organization": "Methuen Housing Authority",
    "department": "MHA03 - Methuen Housing",
    "location": "MHA03 - Methuen Housing",
    "fiscal_year": "26",
    "contact_email": "amoglia@methuenhousing.org",
    "contact_phone": "(978) 682-8607",
    "info_contact": "Bid Type:",
    "pre_bid_conference": "Prospective bidders are invited to attend a non-mandatory pre-bid walkthrough on July 30, 2025, at 10:00 a.m., to",
    "bulletin_desc": "Perform all routine and urgent maintenance maintenance/repairs at housing authority owned",
    "file_name": "BD-26-1795-MHA03-MHA03-118632.txt",
    "summary_description": "Perform all routine and urgent maintenance maintenance/repairs at housing authority owned\nproperties.\nU N S P S C Code:\n72-10-23\n\u00a0\u00a0 Plumbing and heating and air conditioning\nQty\nUnit Cost\nUOM\nTotal Discount Amt.\nTotal Cost\n1.0\n\u00a0\nEA - Each\n\u00a0\n\u00a0\nManufacturer:\nBrand:\nModel:\nMake:\nPackaging:\n\u00a0\nItem Attachments:\nMA081202506 HVAC Maintenance & Repair RFQ Package.pdf\nExit\nCopyright \u00a9 2025 Periscope Holdings, Inc. - All Rights Reserved.\nMASS_MASS_AWS_PROD_BUYSPEED_2_bso"
  }
]