[{"id": 0, "title": "Proposal 0"}, {"id": 1, "title": "Proposal 1"}, {"id": 2, "title": "Proposal 2"}, {"id": 3, "title": "Proposal 3"}, {"id": 4, "title": "Proposal 4"}, {"id": 5, "title": "Proposal 5"}, {"id": 6, "title": "Proposal 6"}, {"id": 7, "title": "Proposal 7"}, {"id": 8, "title": "Proposal 8"}, {"id": 9, "title": "Proposal 9"}, {"id": 10, "title": "Proposal 10"}, {"id": 11, "title": "Proposal 11"}, {"id": 12, "title": "Proposal 12"}, {"id": 13, "title": "Proposal 13"}, {"id": 14, "title": "Proposal 14"}, {"id": 15, "title": "Proposal 15"}, {"id": 16, "title": "Proposal 16"}]